{
  "_telegram_offset": 586901711,
  "ARS_1": {
    "last_sent_ts": 1767648434.3909135,
    "last_sent_rate": 65.0
  },
  "ARS_2": {
    "last_sent_ts": 1767648850.1523886,
    "last_sent_rate": 41.0
  },
  "ARS_3": {
    "last_sent_ts": 1767648850.1524277,
    "last_sent_rate": 45.0
  },
  "ARS_4": {
    "last_sent_ts": 1767648850.1524498,
    "last_sent_rate": 33.3
  },
  "ARS_7": {
    "last_sent_ts": 1767651236.361454,
    "last_sent_rate": 37.0
  },
  "ARS_10": {
    "last_sent_ts": 1767651236.3615308,
    "last_sent_rate": 35.0
  },
  "ARS_14": {
    "last_sent_ts": 1767651236.3615766,
    "last_sent_rate": 29.0
  },
  "ARS_21": {
    "last_sent_ts": 1767651236.3616467,
    "last_sent_rate": 31.3
  },
  "ARS_30": {
    "last_sent_ts": 1767651236.3617349,
    "last_sent_rate": 33.5
  }
}